coffee_id,cafe,coffee_name,coffee_image,coffee_desc,type,caffeine,calorie,protein,salt,saturated_fat,sugars,_id
1,starbucks,민트 콜드 브루,https://image.istarbucks.co.kr/upload/store/skuimg/2022/10/[9200000004312]_20221005145029134.jpg,"상쾌한 민트향 시럽과 잘게 갈린 얼음이 
어우러져 시원함이 강렬하게 느껴지는 리저브만의
콜드 브루 음료",coffee,415mg,100kcal,0g,0mg,0g,23g,63728b6ae4138b5e1b058d83
2,starbucks,오트 크림 스카치 콜드 브루,https://image.istarbucks.co.kr/upload/store/skuimg/2022/10/[9200000004279]_20221017113059439.jpg,"고소한 오트 바닐라 크림이 카라멜 & 스카치 풍미를 더한
콜드 브루에 올라가 부드럽고 은은하게 즐길 수 있는 음료",coffee,128mg,115kcal,1g,70mg,0g,15g,63728b6ee4138b5e1b058d84
3,starbucks,나이트로 바닐라 크림,https://image.istarbucks.co.kr/upload/store/skuimg/2021/04/[9200000002487]_20210426091745467.jpg,부드러운 목넘김의 나이트로 커피와 바닐라 크림의 매력을 한번에 느껴보세요!,coffee,232mg,80kcal,1g,40mg,0g,10g,63728b71e4138b5e1b058d85
4,starbucks,나이트로 콜드 브루,https://image.istarbucks.co.kr/upload/store/skuimg/2021/04/[9200000000479]_20210426091843897.jpg,"나이트로 커피 정통의 캐스케이딩과 부드러운 콜드 크레마!
부드러운 목 넘김과 완벽한 밸런스에 커피 본연의 단맛을 경험할 수 있습니다.
",coffee,245mg,5kcal,0g,5mg,0g,0g,63728b74e4138b5e1b058d86
5,starbucks,돌체 콜드 브루,https://image.istarbucks.co.kr/upload/store/skuimg/2021/04/[9200000002081]_20210415133656839.jpg,"무더운 여름철, 
동남아 휴가지에서 즐기는 커피를 떠오르게 하는 
스타벅스 음료의 베스트 x 베스트 조합인
돌체 콜드 브루를 만나보세요! ",coffee,155mg,265kcal,8g,130mg,0g,29g,63728b77e4138b5e1b058d87
6,starbucks,바닐라 크림 콜드 브루,https://image.istarbucks.co.kr/upload/store/skuimg/2021/04/[9200000000487]_20210430112319040.jpg,콜드 브루에 더해진 바닐라 크림으로 깔끔하면서 달콤한 콜드 브루를 새롭게 즐길 수 있는 음료입니다.,coffee,155mg,125kcal,3g,58mg,0g,11g,63728b7ae4138b5e1b058d88
7,starbucks,벨벳 다크 모카 나이트로,https://image.istarbucks.co.kr/upload/store/skuimg/2021/03/[9200000003509]_20210322093452399.jpg,"다크 초콜릿 모카의 진한 바디감과 함께
헤이즐넛 향과 달콤한 카라멜 크림 폼으로
벨벳같은 부드러움까지 살린 리저브 나이트로 커피",coffee,190mg,150kcal,2g,15mg,0g,17g,63728b7de4138b5e1b058d89
8,starbucks,시그니처 더 블랙 콜드 브루,https://image.istarbucks.co.kr/upload/store/skuimg/2021/08/[9200000003661]_20210819094346176.jpg,"콜드 브루 전용 원두를 차가운 물로 매장에서 직접 
추출하여 부드럽고 진한 풍미의 콜드브루를 
언제 어디서나 편하게 즐겨보세요 (전용 보틀 /500ml)",coffee,680mg,25kcal,0g,50mg,0g,0g,63728b81e4138b5e1b058d8a
9,starbucks,제주 비자림 콜드 브루,https://image.istarbucks.co.kr/upload/store/skuimg/2022/03/[9200000002672]_20220311105511600.jpg,제주 천년의 숲 비자림을 연상시키는 음료로 제주 유기농 말차와 콜드 브루가 조화로운 제주 특화 콜드 브루 음료,coffee,105mg,340kcal,10g,140mg,0g,43g,63728b84e4138b5e1b058d8b
10,starbucks,콜드 브루,https://image.istarbucks.co.kr/upload/store/skuimg/2021/04/[9200000000038]_20210430113202458.jpg,"스타벅스 바리스타의 정성으로 탄생한 콜드 브루!

콜드 브루 전용 원두를 차가운 물로 추출하여 한정된 양만 제공됩니다.
깊은 풍미의 새로운 커피 경험을 즐겨보세요.",coffee,155mg,5kcal,0g,11mg,0g,0g,63728b87e4138b5e1b058d8c
11,starbucks,콜드 브루 몰트,https://image.istarbucks.co.kr/upload/store/skuimg/2021/02/[9200000001636]_20210225093600536.jpg,"[리저브 전용음료] 리저브 콜드 브루, 바닐라 아이스크림, 몰트가 블렌딩된 리저브만의 쉐이크
",coffee,190mg,505kcal,7g,150mg,0g,41g,63728b8ae4138b5e1b058d8d
12,starbucks,콜드 브루 오트 라떼,https://image.istarbucks.co.kr/upload/store/skuimg/2021/04/[9200000003285]_20210416154437069.jpg,"콜드 브루의 풍미와 깔끔한 오트 밀크가 어우러진 달콤 고소한 라떼. 
식물성 밀크를 사용해 모든 고객이 부담없이 즐길 수 있는 콜드 브루 음료",non-coffee,65mg,120kcal,1g,95mg,0g,14g,63728b8de4138b5e1b058d8e
13,starbucks,콜드 브루 플로트,https://image.istarbucks.co.kr/upload/store/skuimg/2021/02/[9200000001635]_20210225092236748.jpg,[리저브 전용음료] 리저브 콜드 브루 위에 녹아 내리는 한 스쿱의 바닐라 아이스크림,coffee,190mg,225kcal,3g,70mg,0g,18g,63728b90e4138b5e1b058d8f
14,starbucks,아이스 커피,https://image.istarbucks.co.kr/upload/store/skuimg/2021/04/[106509]_20210430111852870.jpg,깔끔하고 상큼함이 특징인 시원한 아이스 커피,coffee,140mg,5kcal,0g,10mg,0g,0g,63728b93e4138b5e1b058d90
15,starbucks,오늘의 커피,https://image.istarbucks.co.kr/upload/store/skuimg/2021/04/[2]_20210430111934117.jpg,신선하게 브루드(Brewed)되어 원두의 다양함이 살아있는 커피,coffee,260mg,5kcal,0g,10mg,0g,0g,63728b96e4138b5e1b058d91
16,starbucks,아이스 토피 넛 라떼,https://image.istarbucks.co.kr/upload/store/skuimg/2022/10/[128401]_20221021103506366.jpg,"스타벅스의 겨울 시그니처 음료
버터 향이 은은하게 느껴지는 토피와 고소한 견과류의 풍미, 
진한 에스프레소가 어우러진 크리스마스 시즌 음료",non-coffee,75mg,240kcal,5g,180mg,0g,27g,63728b99e4138b5e1b058d92
17,starbucks,토피 넛 라떼,https://image.istarbucks.co.kr/upload/store/skuimg/2022/10/[128198]_20221021103409084.jpg,"스타벅스의 겨울 시그니처 음료
버터 향이 은은하게 느껴지는 토피와 고소한 견과류의 풍미, 
진한 에스프레소가 어우러진 크리스마스 시즌 음료",non-coffee,75mg,325kcal,10g,250mg,0g,34g,63728b9ce4138b5e1b058d93
18,starbucks,클래식 민트 모카,https://image.istarbucks.co.kr/upload/store/skuimg/2022/10/[9200000004313]_20221005145156959.jpg,"스타벅스의 클래식인 페퍼민트 모카를 떠올리게 하는 리저브만의 에스프레소 음료.
오트 밀크의 고소함과 다크 초콜릿의 쌉쌀함이 특징인 음료.",coffee,210mg,335kcal,4g,200mg,0g,43g,63728b9fe4138b5e1b058d94
19,starbucks,에스프레소 콘 파나,https://image.istarbucks.co.kr/upload/store/skuimg/2021/04/[30]_20210415144252244.jpg,"신선한 에스프레소 샷에 풍부한 휘핑크림을 얹은 커피 음료로서, 뜨거운 커피의 맛과 차갑고 달콤한 생크림의 맛을 같이 즐길 수 있는 커피 음료",non-coffee,75mg,30kcal,0g,0mg,0g,1g,63728ba2e4138b5e1b058d95
20,starbucks,에스프레소 마키아또,https://image.istarbucks.co.kr/upload/store/skuimg/2021/04/[25]_20210415144211211.jpg,"신선한 에스프레소 샷에 우유 거품을 살짝 얹은 커피 음료로써, 강렬한 에스프레소의 맛과 우유의 부드러움을 같이 즐길 수 있는 커피 음료",non-coffee,75mg,10kcal,1g,0mg,0g,0g,63728ba5e4138b5e1b058d96
21,starbucks,아이스 카페 아메리카노,https://image.istarbucks.co.kr/upload/store/skuimg/2021/04/[110563]_20210426095937808.jpg,진한 에스프레소에 시원한 정수물과 얼음을 더하여 스타벅스의 깔끔하고 강렬한 에스프레소를 가장 부드럽고 시원하게 즐길 수 있는 커피,coffee,150mg,10kcal,1g,5mg,0g,0g,63728ba8e4138b5e1b058d97
22,starbucks,카페 아메리카노,https://image.istarbucks.co.kr/upload/store/skuimg/2021/04/[94]_20210430103337006.jpg,진한 에스프레소와 뜨거운 물을 섞어 스타벅스의 깔끔하고 강렬한 에스프레소를 가장 부드럽게 잘 느낄 수 있는 커피 ,coffee,150mg,10kcal,1g,5mg,0g,0g,63728bace4138b5e1b058d98
23,starbucks,아이스 카라멜 마키아또,https://image.istarbucks.co.kr/upload/store/skuimg/2021/04/[110582]_20210415142706078.jpg,향긋한 바닐라 시럽과 시원한 우유와 얼음을 넣고 점을 찍듯이 에스프레소를 부은 후 벌집 모양으로 카라멜 드리즐을 올린 달콤한 커피 음료,non-coffee,75mg,190kcal,6g,110mg,0g,22g,63728bafe4138b5e1b058d99
24,starbucks,카라멜 마키아또,https://image.istarbucks.co.kr/upload/store/skuimg/2021/04/[126197]_20210415154609863.jpg,향긋한 바닐라 시럽과 따뜻한 스팀 밀크 위에 풍성한 우유 거품을 얹고 점을 찍듯이 에스프레소를 부은 후 벌집 모양으로 카라멜 드리즐을 올린 달콤한 커피 음료,non-coffee,75mg,200kcal,8g,130mg,0g,22g,63728bb2e4138b5e1b058d9a
25,starbucks,아이스 카푸치노,https://image.istarbucks.co.kr/upload/store/skuimg/2021/04/[110601]_20210415143400773.jpg,풍부하고 진한 에스프레소에 신선한 우유와 우유 거품이 얼음과 함께 들어간 시원하고 부드러운 커피 음료,non-coffee,75mg,115kcal,6g,90mg,0g,9g,63728bb5e4138b5e1b058d9b
26,starbucks,카푸치노,https://image.istarbucks.co.kr/upload/store/skuimg/2021/04/[38]_20210415154821846.jpg,풍부하고 진한 에스프레소에 따뜻한 우유와 벨벳 같은 우유 거품이 1:1 비율로 어우러져 마무리된 커피 음료,non-coffee,75mg,110kcal,6g,70mg,0g,8g,63728bb8e4138b5e1b058d9c
27,starbucks,라벤더 카페 브레베,https://image.istarbucks.co.kr/upload/store/skuimg/2022/04/[9200000004119]_20220412083025862.png,진한 리저브 에스프레소 샷과 은은한 라벤더향이 고급스럽게 어우러진 부드럽고 세련된 풍미의 라벤더 카페 브레베,coffee,105mg,400kcal,8g,140mg,0g,30g,63728bbbe4138b5e1b058d9d
28,starbucks,럼 샷 코르타도,https://image.istarbucks.co.kr/upload/store/skuimg/2021/02/[9200000001086]_20210225090838931.jpg,"[더종로R, 청담스타R 전용음료] 최고의 리저브 에스프레소 샷, 스팀 밀크 그리고 럼이 짙게 어우러진 스타벅스 리저브 만의 코르타도입니다.",coffee,160mg,70kcal,3g,45mg,0g,8g,63728bbee4138b5e1b058d9e
29,starbucks,바닐라 빈 라떼,https://image.istarbucks.co.kr/upload/store/skuimg/2021/02/[9200000001939]_20210225094313315.jpg,리저브만을 위한 프리미엄 바닐라 빈 시럽이 부드럽게 어우러진 카페 라떼,coffee,210mg,245kcal,9g,150mg,0g,27g,63728bc1e4138b5e1b058d9f
30,starbucks,사케라또 비안코 오버 아이스,https://image.istarbucks.co.kr/upload/store/skuimg/2021/02/[9200000002095]_20210225095033382.jpg,얼음과 같이 쉐이킹하여 차가워진 진한 리저브 에스프레소와 하우스 메이드 크림이 어우러진 달콤한 음료,coffee,315mg,270kcal,3g,45mg,0g,14g,63728bc4e4138b5e1b058da0
31,starbucks,스타벅스 돌체 라떼,https://image.istarbucks.co.kr/upload/store/skuimg/2021/04/[128692]_20210426091933665.jpg,스타벅스의 다른 커피 음료보다 더욱 깊은 커피의 맛과 향에 깔끔한 무지방 우유와 부드러운 돌체 시럽이 들어간 음료로 달콤하고 진한 커피 라떼,coffee,150mg,255kcal,12g,190mg,0.3g,39g,63728bc6e4138b5e1b058da1
32,starbucks,아이스 라벤더 카페 브레베,https://image.istarbucks.co.kr/upload/store/skuimg/2022/04/[9200000004120]_20220412082952150.png,진한 리저브 에스프레소 샷과 은은한 라벤더향이 고급스럽게 어우러진 부드럽고 세련된 풍미의 라벤더 카페 브레베,coffee,105mg,335kcal,6g,110mg,0g,27g,63728bc9e4138b5e1b058da2
33,starbucks,아이스 바닐라 빈 라떼,https://image.istarbucks.co.kr/upload/store/skuimg/2021/02/[9200000001941]_20210225094346653.jpg,리저브만을 위한 프리미엄 바닐라 빈 시럽이 부드럽게 어우러진 카페 라떼,coffee,210mg,155kcal,5g,75mg,0g,20g,63728bcce4138b5e1b058da3
34,starbucks,아이스 스타벅스 돌체 라떼,https://image.istarbucks.co.kr/upload/store/skuimg/2021/04/[128695]_20210426092031969.jpg,스타벅스의 다른 커피 음료보다 더욱 깊은 커피의 맛과 향에 깔끔한 무지방 우유와 부드러운 돌체 시럽이 들어간 음료로 달콤하고 진한 커피 라떼,coffee,150mg,230kcal,10g,145mg,0.3g,35g,63728bcfe4138b5e1b058da4
35,starbucks,아이스 제주 사려니 쑥길 라떼,https://image.istarbucks.co.kr/upload/store/skuimg/2022/09/[9200000004292]_20220906081526594.jpg,"화산송이가 덮혀진 검붉은 토양과 숲이 어우러진 제주 사려니 숲길을 표현한 음료
국내산 쑥과 오트 밀크를 이용하여 제주에서만 특별히 즐기는 아인슈페너 타입의 쑥&커피 음료",coffee,170mg,355kcal,8g,170mg,0g,37g,63728bd2e4138b5e1b058da5
36,starbucks,아이스 카페 라떼,https://image.istarbucks.co.kr/upload/store/skuimg/2021/04/[110569]_20210415143035989.jpg,풍부하고 진한 농도의 에스프레소가 시원한 우유와 얼음을 만나 고소함과 시원함을 즐길 수 있는 대표적인 커피 라떼,non-coffee,75mg,110kcal,6g,75mg,0g,8g,63728bd5e4138b5e1b058da6
37,starbucks,제주 사려니 쑥길 라떼,https://image.istarbucks.co.kr/upload/store/skuimg/2022/09/[9200000004291]_20220906081404868.jpg,"화산송이가 덮혀진 검붉은 토양과 숲이 어우러진 제주 사려니 숲길을 표현한 음료
국내산 쑥과 오트 밀크를 이용하여 제주에서만 특별히 즐기는 아인슈페너 타입의 쑥&커피 음료",coffee,170mg,435kcal,9g,270mg,0g,41g,63728bd8e4138b5e1b058da7
38,starbucks,카페 라떼,https://image.istarbucks.co.kr/upload/store/skuimg/2021/04/[41]_20210415133833725.jpg,풍부하고 진한 에스프레소가 신선한 스팀 밀크를 만나 부드러워진 커피 위에 우유 거품을 살짝 얹은 대표적인 커피 라떼,non-coffee,75mg,180kcal,10g,115mg,0g,13g,63728bdbe4138b5e1b058da8
39,starbucks,아이스 카페 모카,https://image.istarbucks.co.kr/upload/store/skuimg/2021/04/[110566]_20210415134334280.jpg,진한 초콜릿 모카 시럽과 풍부한 에스프레소를 신선한 우유 그리고 얼음과 섞어 휘핑크림으로 마무리한 음료로 진한 에스프레소와 초콜릿 맛이 어우러진 커피,non-coffee,95mg,250kcal,7g,70mg,0g,21g,63728bdee4138b5e1b058da9
40,starbucks,아이스 화이트 초콜릿 모카,https://image.istarbucks.co.kr/upload/store/skuimg/2021/04/[110572]_20210415155545375.jpg,달콤하고 부드러운 화이트 초콜릿 시럽과 에스프레소를 신선한 우유 그리고 얼음과 섞어 휘핑크림으로 마무리한 음료로 달콤함과 강렬한 에스프레소가 부드럽게 어우러진 커피,non-coffee,75mg,260kcal,7g,75mg,0g,27g,63728be1e4138b5e1b058daa
41,starbucks,카페 모카,https://image.istarbucks.co.kr/upload/store/skuimg/2021/04/[46]_20210415134438165.jpg,진한 초콜릿 모카 시럽과 풍부한 에스프레소를 스팀 밀크와 섞어 휘핑크림으로 마무리한 음료로 진한 에스프레소와 초콜릿 맛이 어우러진 커피,non-coffee,95mg,290kcal,10g,105mg,0g,25g,63728be5e4138b5e1b058dab
42,starbucks,화이트 초콜릿 모카,https://image.istarbucks.co.kr/upload/store/skuimg/2021/04/[128192]_20210415155639126.jpg,달콤하고 부드러운 화이트 초콜릿 시럽과 에스프레소를 스팀 밀크와 섞어 휘핑크림으로 마무리한 음료로 달콤함과 강렬한 에스프레소가 부드럽게 어우러진 커피,non-coffee,75mg,345kcal,11g,150mg,0g,35g,63728be7e4138b5e1b058dac
43,starbucks,바닐라 플랫 화이트,https://image.istarbucks.co.kr/upload/store/skuimg/2021/04/[9200000002406]_20210415135507733.jpg,바닐라 플랫 화이트는 진하고 고소한 리스트레토 샷과 바닐라 시럽 그리고 스팀 밀크로 즐기는 진한 커피 라떼 입니다. ,coffee,260mg,220kcal,9g,130mg,0g,23g,63728beae4138b5e1b058dad
44,starbucks,바닐라 스타벅스 더블 샷,https://image.istarbucks.co.kr/upload/store/skuimg/2021/04/[110612]_20210415133425373.jpg,"신선하게 제조된 더블 샷 믹스에 바닐라 시럽을 넣고 에스프레소 샷, 얼음이 어우러져 핸드 쉐이킹한 음료",coffee,150mg,125kcal,2g,30mg,0g,14g,63728bede4138b5e1b058dae
45,starbucks,바닐라 아포가토,https://image.istarbucks.co.kr/upload/store/skuimg/2022/09/[9200000004308]_20220916101121079.jpg,유기농 바닐라 아이스크림에 스타벅스의 에스프레소를 부어 만든 달콤 쌉싸름한 이탈리아 정통 디저트입니다.,non-coffee,75mg,210kcal,3g,50mg,0g,17g,63728bf0e4138b5e1b058daf
46,starbucks,블론드 바닐라 더블 샷 마키아또,https://image.istarbucks.co.kr/upload/store/skuimg/2021/04/[9200000002950]_20210426150654756.jpg,블론드 에스프레소 2샷에 흑당 시럽과 바닐라 크림이 부드럽고 달콤하게 어우러진 마키아또 타입의 음료를 즐겨 보세요!,coffee,170mg,315kcal,8g,130mg,0g,31g,63728bf3e4138b5e1b058db0
47,starbucks,사케라또 아포가토,https://image.istarbucks.co.kr/upload/store/skuimg/2021/03/[9200000003505]_20210322093241535.jpg,"민트 잎과 쉐이킹한 리저브 에스프레소를
바닐라 아이스크림에 부어 프레쉬함과
달콤함이 조화롭게 퍼지는 리저브 만의 디저트 음료
",coffee,210mg,290kcal,4g,70mg,0g,30g,63728bf6e4138b5e1b058db1
48,starbucks,스파클링 시트러스 에스프레소,https://image.istarbucks.co.kr/upload/store/skuimg/2021/03/[9200000003506]_20210322093317854.jpg,"리저브 에스프레소에 상큼한 레몬과
진저에일을 더해 청량감과 시트러스 풍미를
가득 선사하는 커피 음료",coffee,105mg,65kcal,0g,5mg,0g,15g,63728bf9e4138b5e1b058db2
49,starbucks,아이스 블론드 바닐라 더블 샷 마키아또,https://image.istarbucks.co.kr/upload/store/skuimg/2021/04/[9200000002953]_20210427132718157.jpg,블론드 에스프레소 2샷에 흑당 시럽과 바닐라 크림이 부드럽고 달콤하게 어우러진 마키아또 타입의 음료를 즐겨 보세요!,coffee,170mg,195kcal,5g,65mg,0g,22g,63728bfce4138b5e1b058db3
50,starbucks,에스프레소,https://image.istarbucks.co.kr/upload/store/skuimg/2021/04/[20]_20210415144112678.jpg,"스타벅스 에스프레소는 향기로운 크레마 층과 바디 층, 하트 층으로 이루어져 있으며, 입안 가득히 커피와 달콤한 카라멜 향이 느껴지는 커피 음료",non-coffee,75mg,5kcal,0g,0mg,0g,0g,63728bffe4138b5e1b058db4
51,starbucks,자바 칩 바닐라 아포가토,https://image.istarbucks.co.kr/upload/store/skuimg/2022/09/[9200000004310]_20220916101314291.jpg,유기농 바닐라 아이스크림에 스타벅스의 에스프레소를 붓고 달콤한 자바칩을 토핑한 아포가토입니다.,non-coffee,80mg,240kcal,4g,55mg,0g,20g,63728c02e4138b5e1b058db5
52,starbucks,자바 칩 초콜릿 아포가토,https://image.istarbucks.co.kr/upload/store/skuimg/2022/09/[9200000004311]_20220916101359812.jpg,유기농 초콜릿 아이스크림에 스타벅스의 에스프레소를 붓고 달콤한 자바칩을 토핑한 아포가토입니다.,non-coffee,80mg,255kcal,5g,60mg,0g,25g,63728c05e4138b5e1b058db6
53,starbucks,초콜릿 아포가토,https://image.istarbucks.co.kr/upload/store/skuimg/2022/09/[9200000004309]_20220916101221637.jpg,"유기농 초콜릿 아이스크림에 스타벅스의 에스프레소를 부어 만든 달콤 쌉싸름한 이탈리아 정통 디저트입니다.
",non-coffee,75mg,225kcal,4g,60mg,0g,22g,63728c08e4138b5e1b058db7
54,starbucks,커피 스타벅스 더블 샷,https://image.istarbucks.co.kr/upload/store/skuimg/2021/04/[110611]_20210415132507539.jpg,"신선하게 제조된 더블 샷 믹스에 클래식 시럽을 넣고 에스프레소 샷, 얼음이 어우러져 핸드 쉐이킹한 음료",coffee,150mg,125kcal,3g,28.5mg,0.1g,14g,63728c0be4138b5e1b058db8
55,starbucks,클래식 아포가토,https://image.istarbucks.co.kr/upload/store/skuimg/2021/02/[9200000001631]_20210225090916684.jpg,[리저브R 매장 전용음료] 리저브 에스프레소 투 샷이 바닐라 아이스크림과 진하게 어우러진 정통 아포가토,coffee,210mg,240kcal,4g,70mg,0g,18g,63728c0ee4138b5e1b058db9
56,starbucks,헤이즐넛 스타벅스 더블 샷,https://image.istarbucks.co.kr/upload/store/skuimg/2021/04/[110614]_20210415132333109.jpg,"신선하게 제조된 더블 샷 믹스에 헤이즐넛 시럽을 넣고 에스프레소 샷, 얼음이 어우러져 핸드 쉐이킹한 음료",coffee,150mg,125kcal,3g,28.5mg,0.1g,14g,63728c11e4138b5e1b058dba
57,starbucks,더블 에스프레소 칩 프라푸치노,https://image.istarbucks.co.kr/upload/store/skuimg/2021/04/[9200000002760]_20210415133558068.jpg,"리스트레토 에스프레소 2샷과 에스프레소 칩, 하프앤하프가 진하게 어우러진 커피의 기본에 충실한 프라푸치노
",coffee,130mg,265kcal,4g,140mg,0g,31g,63728c14e4138b5e1b058dbb
58,starbucks,모카 프라푸치노,https://image.istarbucks.co.kr/upload/store/skuimg/2021/04/[168004]_20210415134634723.jpg,초콜릿과 커피가 어우러진 프라푸치노,non-coffee,90mg,280kcal,5g,180mg,0g,36g,63728c17e4138b5e1b058dbc
59,starbucks,에스프레소 프라푸치노,https://image.istarbucks.co.kr/upload/store/skuimg/2021/04/[168007]_20210415144337428.jpg,에스프레소 샷의 강렬함과 약간의 단맛이 어우러진 프라푸치노,coffee,120mg,145kcal,2g,115mg,0g,29g,63728c1ae4138b5e1b058dbd
60,starbucks,자바 칩 프라푸치노,https://image.istarbucks.co.kr/upload/store/skuimg/2021/04/[168016]_20210415154152122.jpg,"커피, 모카 소스, 진한 초콜릿 칩이 입안 가득 느껴지는 스타벅스에서만 맛볼 수 있는 프라푸치노",coffee,100mg,340kcal,6g,180mg,0g,42g,63728c1de4138b5e1b058dbe
61,starbucks,카라멜 프라푸치노,https://image.istarbucks.co.kr/upload/store/skuimg/2021/04/[168010]_20210415154711116.jpg,카라멜과 커피가 어우러진 프라푸치노,non-coffee,85mg,300kcal,4g,190mg,0g,39g,63728c20e4138b5e1b058dbf
62,starbucks,화이트 초콜릿 모카 프라푸치노,https://image.istarbucks.co.kr/upload/store/skuimg/2021/04/[168013]_20210415155746379.jpg,"화이트 초콜릿, 커피와 우유가 조화로운 프라푸치노",non-coffee,85mg,245kcal,4g,140mg,0g,38g,63728c23e4138b5e1b058dc0
63,starbucks,바닐라 크림 프라푸치노,https://image.istarbucks.co.kr/upload/store/skuimg/2021/04/[168054]_20210415135751840.jpg,신선한 우유와 바닐라 시럽이 어우러진 크림 프라푸치노,non-coffee,0mg,200kcal,4g,150mg,0g,28g,63728c26e4138b5e1b058dc1
64,starbucks,제주 까망 크림 프라푸치노,https://image.istarbucks.co.kr/upload/store/skuimg/2020/09/[9200000002088]_20200921171733532.jpg,"[제주지역 한정음료] 제주 까망 라떼의 프라푸치노 버전으로
쫄깃한 국내산 흑임자 떡과 블랙 소보로 토핑으로 컵빙수처럼 
먹는 음료. 고소한 국내산 흑임자와 쫄깃한 국내산 흑임자 떡, 
달콤한 블랙 소보로 토핑으로 제주의 돌 하르방 길을 느낄 수 있는 음료",non-coffee,0mg,600kcal,9g,330mg,0g,79g,63728c28e4138b5e1b058dc2
65,starbucks,제주 쑥떡 크림 프라푸치노,https://image.istarbucks.co.kr/upload/store/skuimg/2022/03/[9200000002090]_20220329144732789.jpg,"[제주지역 한정음료] 제주 쑥쑥 라떼의 시원한 버전으로 
쫄깃쫄깃한 국내산 흑임자 떡으로 씹는 재미를 즐길 수 있는 음료. ",non-coffee,0mg,460kcal,8g,250mg,0g,57g,63728c2be4138b5e1b058dc3
66,starbucks,제주 유기농 말차로 만든 크림 프라푸치노,https://image.istarbucks.co.kr/upload/store/skuimg/2021/04/[9200000002502]_20210426100408048.jpg,깊고 진한 말차 본연의 맛과 향을 시원하고 부드럽게 즐길 수 있는 프라푸치노,non-coffee,60mg,230kcal,5g,150mg,0g,28g,63728c2fe4138b5e1b058dc4
67,starbucks,초콜릿 크림 칩 프라푸치노,https://image.istarbucks.co.kr/upload/store/skuimg/2021/04/[168066]_20210415154429750.jpg,"모카 소스와 진한 초콜릿 칩, 초콜릿 드리즐이 올라간 달콤한 크림 프라푸치노",non-coffee,10mg,300kcal,6g,160mg,0g,40g,63728c32e4138b5e1b058dc5
68,starbucks,화이트 타이거 프라푸치노,https://image.istarbucks.co.kr/upload/store/skuimg/2021/04/[9200000002403]_20210419131548656.jpg,"밀크 쉐이크 같은 부드럽고 달콤한 바닐라 크림 프라푸치노에 깊은 풍미의 단맛을 가진 흑당시럽이 어우러져 용인에버랜드 백호의 줄무늬를 형상화한 부드럽고 달콤한 프라푸치노

* 용인에버랜드R 매장에서만 판매하는 음료입니다",non-coffee,0mg,410kcal,5g,220mg,0g,57g,63728c35e4138b5e1b058dc6
69,starbucks,망고 패션 프루트 블렌디드,https://image.istarbucks.co.kr/upload/store/skuimg/2021/04/[167004]_20210419130801597.jpg,망고 패션 프루트 주스와 블랙 티가 깔끔하게 어우러진 과일 블렌디드,non-coffee,35mg,120kcal,1g,70mg,0g,25g,63728c38e4138b5e1b058dc7
70,starbucks,딸기 딜라이트 요거트 블렌디드,https://image.istarbucks.co.kr/upload/store/skuimg/2021/04/[9200000003276]_20210416154001403.jpg,"유산균이 살아있는 리얼 요거트와 풍성한 딸기 과육이 
더욱 상큼하게 어우러진 과일 요거트 블렌디드",non-coffee,0mg,370kcal,9g,110mg,0g,57g,63728c3be4138b5e1b058dc8
71,starbucks,망고 바나나 블렌디드,https://image.istarbucks.co.kr/upload/store/skuimg/2021/04/[169001]_20210419130701792.jpg,(Grande Only) 인기 음료인 망고 패션후르츠 블렌디드에 신선한 바나나 1개가 통째로 들어간 달콤한 프라푸치노,non-coffee,0mg,270kcal,4g,110mg,0g,48g,63728c3ee4138b5e1b058dc9
72,starbucks,제주 감귤 당근 스노잉 블렌디드,https://image.istarbucks.co.kr/upload/store/skuimg/2022/09/[9200000004295]_20220906080812472.jpg,"눈 속에 쌓인 당근처럼 특색 있는 비주얼과 함께 제주산 감귤, 당근 등 다양한 과일을 이용하여 누구나 맛있게 즐길 수 있는 요거트 음료",non-coffee,0mg,270kcal,4g,50mg,0g,39g,63728c40e4138b5e1b058dca
73,starbucks,딸기 아사이 레모네이드 스타벅스 리프레셔,https://image.istarbucks.co.kr/upload/store/skuimg/2022/08/[9200000003763]_20220803131322551.jpg,"딸기, 아사이베리 주스와 레모네이드가 달콤 상큼하게 조화된 맛에 가볍게 에너지 부스팅을 할 수 있는 리프레셔 음료",non-coffee,30mg,105kcal,1g,0mg,0g,24g,63728c43e4138b5e1b058dcb
74,starbucks,핑크 드링크 위드 딸기 아사이 스타벅스 리프레셔,https://image.istarbucks.co.kr/upload/store/skuimg/2022/08/[9200000003766]_20220803130957907.jpg,"딸기, 아사이베리 주스와 코코넛 밀크가 달콤하고 부드럽게 조화된 맛에 가볍게 에너지 부스팅을 할 수 있는 리프레셔 음료",non-coffee,30mg,100kcal,1g,40mg,0g,18g,63728c46e4138b5e1b058dcc
75,starbucks,블랙 티 레모네이드 피지오,https://image.istarbucks.co.kr/upload/store/skuimg/2021/04/[107025]_20210419104756955.jpg,"진하게 우린 블랙 티와 상큼한 레모네이드를 더한 청량감 있는 음료입니다.
목 넘김이 좋은 가벼운 탄산이 첨가되어 깔끔하게 즐길 수 있습니다.",non-coffee,30mg,65kcal,0g,0mg,0g,17g,63728c49e4138b5e1b058dcd
76,starbucks,유자 패션 피지오,https://image.istarbucks.co.kr/upload/store/skuimg/2022/05/[9200000004121]_20220517102911610.jpg,"상콤달콤 고흥 유자와 스타벅스 시그니처 패션 탱고 티에
한 잔 한 잔 탄산을 넣어 제조하는 피지오 음료.
시트러스한 청량감을 가득 즐기세요!",non-coffee,0mg,145kcal,0g,5mg,0g,36g,63728c4ce4138b5e1b058dce
77,starbucks,쿨 라임 피지오,https://image.istarbucks.co.kr/upload/store/skuimg/2021/04/[107051]_20210419112151972.jpg,그린 빈 추출액이 들어간 라임 베이스에 건조된 라임 슬라이스를 넣고 스파클링한 시원하고 청량감 있는 음료입니다. (카페인이 함유된 탄산음료입니다),coffee,110mg,105kcal,0g,20mg,0g,25g,63728c4fe4138b5e1b058dcf
78,starbucks,패션 탱고 티 레모네이드 피지오,https://image.istarbucks.co.kr/upload/store/skuimg/2021/04/[107031]_20210419125349904.jpg,꽃 향기와 달콤하고 상큼한 시트러스 향을 탄산과 함께 더욱 풍부하게 느끼고 싶으시다면 패션 티 레모네이드 피지오를 선택해 보세요! 언제 찾아도 기분이 좋아지는 훌륭한 음료입니다.,non-coffee,0mg,65kcal,0g,0.2mg,0g,17g,63728c52e4138b5e1b058dd0
79,starbucks,아이스 오로라 캐모마일 릴렉서,https://image.istarbucks.co.kr/upload/store/skuimg/2022/10/[9200000004270]_20221017112935255.jpg,"크리스마스 밤을 아름답게 물들이는 듯한 오로라가 살포시 내려앉아, 
홀리데이 시즌을 더욱 설레게 만들어 주는 음료

달콤한 리치과육이 들어간 베이스에 은은한 캐모마일과 유스베리티가 조화롭게 어우러진 릴렉싱 티 음료",non-coffee,1mg,140kcal,0g,10mg,0g,25g,63728c55e4138b5e1b058dd1
80,starbucks,아이스 제주 금귤 민트 티,https://image.istarbucks.co.kr/upload/store/skuimg/2022/10/[9200000004276]_20221017123346210.jpg,"제주의 상콤 달콤함을 담은 금귤, 한라봉, 감귤 등을 통째로 넣어
풍미를 살리고 민트의 깔끔함을 더한 티 음료",non-coffee,0mg,190kcal,0g,10mg,0g,37g,63728c58e4138b5e1b058dd2
81,starbucks,오로라 캐모마일 릴렉서,https://image.istarbucks.co.kr/upload/store/skuimg/2022/10/[9200000004267]_20221017112858230.jpg,"크리스마스 밤을 아름답게 물들이는 듯한 오로라가 살포시 내려앉아, 
홀리데이 시즌을 더욱 설레게 만들어 주는 음료

달콤한 리치과육이 들어간 베이스에 은은한 캐모마일과 유스베리티가 조화롭게 어우러진 릴렉싱 티 음료",non-coffee,2mg,205kcal,0g,15mg,0g,38g,63728c5be4138b5e1b058dd3
82,starbucks,제주 금귤 민트 티,https://image.istarbucks.co.kr/upload/store/skuimg/2022/10/[9200000004273]_20221017123307351.jpg,"제주의 상콤 달콤함을 담은 금귤, 한라봉, 감귤 등을 통째로 넣어
풍미를 살리고 민트의 깔끔함을 더한 티 음료",non-coffee,0mg,190kcal,0g,10mg,0g,37g,63728c5ee4138b5e1b058dd4
83,starbucks,민트 블렌드 티,https://image.istarbucks.co.kr/upload/store/skuimg/2021/04/[4004000000056]_20210415135215632.jpg,"스피어민트, 페퍼민트, 레몬머틀이 블렌딩된 상쾌한 허브 티",non-coffee,0mg,0kcal,0g,0mg,0g,0g,63728c61e4138b5e1b058dd5
84,starbucks,블루밍 프루트 유스베리 티,https://image.istarbucks.co.kr/upload/store/skuimg/2022/09/[9200000004306]_20220902105252734.jpg,"입안을 가득 채우는 과일의 풍미가 달콤 새콤한 유스베리와 매력적이게 어우러지는 음료. 5가지 생과일이 가득 들어가 겨울시즌 비타민 충전에도 좋은 티 음료
",non-coffee,20mg,175kcal,1g,0mg,0g,40g,63728c64e4138b5e1b058dd6
85,starbucks,아이스 민트 블렌드 티,https://image.istarbucks.co.kr/upload/store/skuimg/2021/04/[4004000000059]_20210415141656038.jpg,"스피어민트, 페퍼민트, 레몬머틀이 블렌딩된 상쾌한 허브 티",non-coffee,0mg,0kcal,0g,0mg,0g,0g,63728c67e4138b5e1b058dd7
86,starbucks,아이스 얼 그레이 티,https://image.istarbucks.co.kr/upload/store/skuimg/2021/04/[4004000000039]_20210415142055860.jpg,꽃향 가득한 라벤더와 베르가못 향이 진한 홍차와 블렌딩된 향긋한 블랙 티,non-coffee,50mg,0kcal,0g,0mg,0g,0g,63728c6ae4138b5e1b058dd8
87,starbucks,아이스 유스베리 티,https://image.istarbucks.co.kr/upload/store/skuimg/2021/04/[9200000000229]_20210415142219481.jpg,"제주산 유기농 찻잎으로 만든 황차에 사과, 망고, 파인애플, 히비스커스, 로즈힙 등이
블렌딩되어 핑크빛 컬러가 감도는 수색과 베리류의 새콤함을 느낄 수 있는 옐로우 티",non-coffee,20mg,0kcal,0g,0mg,0g,0g,63728c6de4138b5e1b058dd9
88,starbucks,아이스 유자 민트 티,https://image.istarbucks.co.kr/upload/store/skuimg/2022/04/[9200000002959]_20220411155904911.jpg,달콤한 국내산 고흥 유자와 알싸하고 은은한 진저와 상쾌한 민트 티가 조화로운 유자 민트 티,non-coffee,0mg,145kcal,0g,5mg,0g,37g,63728c70e4138b5e1b058dda
89,starbucks,아이스 잉글리쉬 브렉퍼스트 티,https://image.istarbucks.co.kr/upload/store/skuimg/2021/04/[4004000000019]_20210415142323353.jpg,"인도 아삼, 제주도 유기농 홍차가 블렌딩되어 진한 벌꿀향과 그윽한 몰트향이 특징인 블랙 티",non-coffee,40mg,0kcal,0g,0mg,0g,0g,63728c73e4138b5e1b058ddb
90,starbucks,아이스 제주 유기 녹차,https://image.istarbucks.co.kr/upload/store/skuimg/2021/04/[400400000094]_20210415230316469.jpg,"우수한 품질의 제주도 유기농 녹차로 만든 맑은 수색과 신선한 향, 맛이 뛰어난 녹차
",non-coffee,16mg,0kcal,0g,0mg,0g,0g,63728c76e4138b5e1b058ddc
91,starbucks,아이스 캐모마일 블렌드 티,https://image.istarbucks.co.kr/upload/store/skuimg/2021/04/[4004000000079]_20210415143641139.jpg,"캐모마일과 레몬 그라스, 레몬밤, 히비스커스 등 블렌딩되어
은은하고 차분한 향이 기분을 좋게하는 허브 티",non-coffee,0mg,0kcal,0g,0mg,0g,0g,63728c79e4138b5e1b058ddd
92,starbucks,아이스 히비스커스 블렌드 티,https://image.istarbucks.co.kr/upload/store/skuimg/2021/04/[4004000000069]_20210415143811231.jpg,"히비스커스, 사과, 파파야, 망고, 레몬그라스 등이 블렌딩된 상큼한 허브 티",non-coffee,0mg,0kcal,0g,0mg,0g,0g,63728c7ce4138b5e1b058dde
93,starbucks,얼 그레이 티,https://image.istarbucks.co.kr/upload/store/skuimg/2021/04/[4004000000036]_20210415143933425.jpg,꽃향 가득한 라벤더와 베르가못 향이 진한 홍차와 블렌딩된 향긋한 블랙 티,non-coffee,70mg,0kcal,0g,0mg,0g,0g,63728c7ee4138b5e1b058ddf
94,starbucks,유스베리 티,https://image.istarbucks.co.kr/upload/store/skuimg/2021/04/[9200000000226]_20210415144434521.jpg,"제주산 유기농 찻잎으로 만든 황차에 사과, 망고, 파인애플, 히비스커스, 로즈힙 등이
블렌딩되어 핑크빛 컬러가 감도는 수색과 베리류의 새콤함을 느낄 수 있는 옐로우 티",non-coffee,20mg,0kcal,0g,0mg,0g,0g,63728c81e4138b5e1b058de0
95,starbucks,유자 민트 티,https://image.istarbucks.co.kr/upload/store/skuimg/2022/04/[9200000002956]_20220411155551915.jpg,"달콤한 국내산 고흥 유자와 알싸하고 은은한 진저, 
우릴 수록 상쾌한 민트 티가 조화로운 유자 민트 티",non-coffee,0mg,235kcal,0g,10mg,0g,58g,63728c84e4138b5e1b058de1
96,starbucks,잉글리쉬 브렉퍼스트 티,https://image.istarbucks.co.kr/upload/store/skuimg/2021/04/[4004000000016]_20210415153648533.jpg,"인도 아삼, 제주도 유기농 홍차가 블렌딩되어 진한 벌꿀향과 그윽한 몰트향이 특징인 블랙 티",non-coffee,70mg,0kcal,0g,0mg,0g,0g,63728c87e4138b5e1b058de2
97,starbucks,자몽 허니 블랙 티,https://image.istarbucks.co.kr/upload/store/skuimg/2021/04/[9200000000187]_20210419131229539.jpg,새콤한 자몽과 달콤한 꿀이 깊고 그윽한 풍미의 스타벅스 티바나 블랙 티의 조화,non-coffee,70mg,125kcal,0g,5mg,0g,30g,63728c8ae4138b5e1b058de3
98,starbucks,제주 유기 녹차,https://image.istarbucks.co.kr/upload/store/skuimg/2021/04/[400400000091]_20210415132229904.jpg,"우수한 품질의 제주도 유기농 녹차로 만든 맑은 수색과 신선한 향, 맛이 뛰어난 녹차",non-coffee,16mg,0kcal,0g,0mg,0g,0g,63728c8de4138b5e1b058de4
99,starbucks,캐모마일 블렌드 티,https://image.istarbucks.co.kr/upload/store/skuimg/2021/04/[4004000000076]_20210415154920731.jpg,"캐모마일과 레몬 그라스, 레몬밤, 히비스커스 등 블렌딩되어
은은하고 차분한 향이 기분을 좋게하는 허브 티",non-coffee,0mg,0kcal,0g,0mg,0g,0g,63728c90e4138b5e1b058de5
100,starbucks,히비스커스 블렌드 티,https://image.istarbucks.co.kr/upload/store/skuimg/2021/04/[4004000000066]_20210415155836395.jpg,"히비스커스, 사과, 파파야, 망고, 레몬그라스 등이 블렌딩된 상큼한 허브 티",non-coffee,0mg,0kcal,0g,0mg,0g,0g,63728c93e4138b5e1b058de6
101,starbucks,아이스 블루밍 프루트 유스베리 티,https://image.istarbucks.co.kr/upload/store/skuimg/2022/09/[9200000004307]_20220902105433750.jpg,"입안을 가득 채우는 과일의 풍미가 달콤 새콤한 유스베리와 매력적이게 어우러지는 음료. 5가지 생과일이 가득 들어가 겨울시즌 비타민 충전에도 좋은 티 음료
",non-coffee,20mg,175kcal,1g,0mg,0g,40g,63728c96e4138b5e1b058de7
102,starbucks,아이스 자몽 허니 블랙 티,https://image.istarbucks.co.kr/upload/store/skuimg/2021/04/[9200000000190]_20210419131723532.jpg,새콤한 자몽과 달콤한 꿀이 깊고 그윽한 풍미의 스타벅스 티바나 블랙 티의 조화,non-coffee,30mg,125kcal,0g,5mg,0g,30g,63728c99e4138b5e1b058de8
103,starbucks,아이스 제주 비양도 선셋 티,https://image.istarbucks.co.kr/upload/store/skuimg/2022/09/[9200000004294]_20220906081219976.jpg,"제주 비양도의 노을과 함께 즐기는 캠핑과 불멍의 감성을 표현한 음료
제주산 감귤, 레몬, 얼 그레이 티가 어우러진 매력적인 티 음료",non-coffee,34mg,200kcal,0g,10mg,0g,42g,63728c9ce4138b5e1b058de9
104,starbucks,제주 비양도 선셋 티,https://image.istarbucks.co.kr/upload/store/skuimg/2022/09/[9200000004293]_20220906081108290.jpg,"제주 비양도의 노을과 함께 즐기는 캠핑과 불멍의 감성을 표현한 음료
제주산 감귤, 레몬, 얼 그레이 티가 어우러진 매력적인 티 음료
",non-coffee,56mg,280kcal,0g,15mg,0g,59g,63728c9fe4138b5e1b058dea
105,starbucks,돌체 블랙 밀크 티,https://image.istarbucks.co.kr/upload/store/skuimg/2022/02/[9200000002963]_20220203082330522.jpg,"진한 홍차에 부드러운 우유와 연유 시럽으로 향긋하고 
달콤하게 맛을 낸 스타벅스만의 돌체 블랙 밀크 티",non-coffee,60mg,250kcal,8g,115mg,0g,34g,63728ca2e4138b5e1b058deb
106,starbucks,말차 샷 아포가토,https://image.istarbucks.co.kr/upload/store/skuimg/2022/09/[9200000004305]_20220902105142976.jpg,"바닐라 빈이 가득한 아이스크림과 진한 말차샷이 달콤 쌉싸름하게 어우러진 아포가토

",non-coffee,30mg,230kcal,4g,70mg,0g,18g,63728ca5e4138b5e1b058dec
107,starbucks,말차 티 슈페너,https://image.istarbucks.co.kr/upload/store/skuimg/2022/09/[9200000004303]_20220902104721404.jpg,"아인슈페너를 말차로 즐기는 음료
진하고 쌉싸름한 말차와 글레이즈드의 달콤함이 만나 부드럽게 즐기기 좋은 티 음료
",non-coffee,60mg,400kcal,10g,220mg,0g,38g,63728ca8e4138b5e1b058ded
108,starbucks,아이스 돌체 블랙 밀크 티,https://image.istarbucks.co.kr/upload/store/skuimg/2022/02/[9200000002966]_20220203082502987.jpg,"진한 홍차에 부드러운 우유와 연유 시럽으로 향긋하고 
달콤하게 맛을 낸 스타벅스만의 돌체 블랙 밀크 티",non-coffee,35mg,210kcal,6g,85mg,0g,31g,63728cabe4138b5e1b058dee
109,starbucks,아이스 말차 티 슈페너,https://image.istarbucks.co.kr/upload/store/skuimg/2022/09/[9200000004304]_20220902104522874.jpg,"아인슈페너를 말차로 즐기는 음료
진하고 쌉싸름한 말차와 글레이즈드의 달콤함이 만나 부드럽게 즐기기 좋은 티 음료

* 티바나 바 / 리저브R 매장에서만 판매됩니다",non-coffee,60mg,320kcal,7g,160mg,0g,31g,63728caee4138b5e1b058def
110,starbucks,아이스 제주 유기농 말차로 만든 라떼,https://image.istarbucks.co.kr/upload/store/skuimg/2021/04/[9200000002499]_20210419130902541.jpg,"차광재배한 어린 녹찻잎을 곱게 갈아 깊고 진한 말차 본연의 맛과 향을
부드럽게 즐길 수 있는 제주 유기농 말차로 만든 라떼",non-coffee,60mg,155kcal,6g,95mg,0g,16g,63728cb6e4138b5e1b058df0
111,starbucks,아이스 차이 티 라떼,https://image.istarbucks.co.kr/upload/store/skuimg/2021/04/[135612]_20210415142512793.jpg,"스파이시한 향과 독특한 계피향, 달콤한 차이로 만든 부드러운 티 라떼",non-coffee,70mg,190kcal,5g,70mg,0g,31g,63728cb9e4138b5e1b058df1
112,starbucks,아이스 허니 얼 그레이 밀크 티,https://image.istarbucks.co.kr/upload/store/skuimg/2020/09/[9200000003234]_20200911143458239.jpg,"베르가못 향 가득한 진한 티바나 얼 그레이 티에
꿀이 더해져 달콤하고 부드러운 밀크 티",non-coffee,52mg,220kcal,4g,65mg,0g,31g,63728cbde4138b5e1b058df2
113,starbucks,제주 유기농 말차로 만든 라떼,https://image.istarbucks.co.kr/upload/store/skuimg/2021/04/[9200000002496]_20210419131039350.jpg,"차광재배한 어린 녹찻잎을 곱게 갈아 깊고 진한 말차 본연의 맛과 향을
부드럽게 즐길 수 있는 제주 유기농 말차로 만든 라떼",non-coffee,60mg,205kcal,9g,130mg,0g,20g,63728cc0e4138b5e1b058df3
114,starbucks,차이 티 라떼,https://image.istarbucks.co.kr/upload/store/skuimg/2021/04/[135608]_20210415154244810.jpg,"스파이시한 향과 독특한 계피향, 달콤한 차이로 만든 부드러운 티 라떼",non-coffee,70mg,200kcal,6g,70mg,0g,31g,63728cc2e4138b5e1b058df4
115,starbucks,허니 얼 그레이 밀크 티,https://image.istarbucks.co.kr/upload/store/skuimg/2020/09/[9200000003233]_20200911143800286.jpg,"베르가못 향 가득한 진한 티바나 얼 그레이 티에
꿀이 더해져 달콤하고 부드러운 밀크 티",non-coffee,70mg,395kcal,12g,210mg,0g,45g,63728cc5e4138b5e1b058df5
116,starbucks,시그니처 핫 초콜릿,https://image.istarbucks.co.kr/upload/store/skuimg/2021/04/[72]_20210415140949967.jpg,깊고 진한 초콜릿과 부드러운 휘핑크림이 입안에서 사르르 녹는 프리미엄 초콜릿 음료,non-coffee,15mg,500kcal,15g,105mg,0g,52g,63728cc8e4138b5e1b058df6
117,starbucks,아이스 시그니처 초콜릿,https://image.istarbucks.co.kr/upload/store/skuimg/2021/04/[110621]_20210415140901611.jpg,깊고 진한 초콜릿과 부드러운 휘핑크림이 입안에서 사르르 녹는 프리미엄 초콜릿 음료,non-coffee,15mg,325kcal,10g,70mg,0g,32g,63728ccbe4138b5e1b058df7
118,starbucks,플러피 판다 아이스 초콜릿,https://image.istarbucks.co.kr/upload/store/skuimg/2021/04/[9200000003658]_20210422080248176.jpg,"고소한 헤이즐넛과 진한 초콜릿의 만남,
귀여운 판다까지 더해진 플러피 판다 아이스 초콜릿! 

* 용인에버랜드R 매장에서만 판매하는 음료입니다",non-coffee,0mg,415kcal,11g,150mg,0g,39g,63728ccee4138b5e1b058df8
119,starbucks,플러피 판다 핫 초콜릿,https://image.istarbucks.co.kr/upload/store/skuimg/2021/04/[9200000002594]_20210422080327783.jpg,"고소한 헤이즐넛과 진한 핫초콜릿의 만남,
귀여운 판다까지 더해진 플러피 판다 핫 초콜릿! 

* 용인에버랜드R 매장에서만 판매하는 음료입니다",non-coffee,0mg,470kcal,12g,160mg,0g,48g,63728cd1e4138b5e1b058df9
120,starbucks,스타벅스 슬래머,https://image.istarbucks.co.kr/upload/store/skuimg/2021/04/[9200000003659]_20210428134252131.jpg,"스트로베리와 아사이베리의 상큼, 달콤한 맛이 톡톡!
시원하고 통쾌한 그랜드 슬램을 위한 에너지 부스팅 음료~!

* SSG랜더스필드 매장에서만 판매하는 음료입니다.",non-coffee,0mg,235kcal,0g,0mg,0g,55g,63728cd4e4138b5e1b058dfa
121,starbucks,스팀 우유,https://image.istarbucks.co.kr/upload/store/skuimg/2021/04/[17]_20210426095334934.jpg,부드럽고 담백한 따뜻한 우유.,non-coffee,0mg,215kcal,13g,173mg,0g,18g,63728cd7e4138b5e1b058dfb
122,starbucks,아이스 제주 까망 라떼,https://image.istarbucks.co.kr/upload/store/skuimg/2020/09/[9200000001302]_20200921171804529.jpg,"[제주지역 한정음료] 제주도의 돌담길과 하르방의 풍경을
느낄 수 있는 음료로 고소한 흑임자와 달콤한 소보로 토핑으로 
시원하게 누구나 즐길 수 있는 음료",non-coffee,0mg,440kcal,10g,210mg,0g,45g,63728cdae4138b5e1b058dfc
123,starbucks,우유,https://image.istarbucks.co.kr/upload/store/skuimg/2021/04/[18]_20210426095514018.jpg,부드럽고 담백한 신선한 우유.,non-coffee,0mg,240kcal,12g,200mg,0g,18g,63728cdde4138b5e1b058dfd
124,starbucks,제주 까망 라떼,https://image.istarbucks.co.kr/upload/store/skuimg/2020/09/[9200000001301]_20200921171639781.jpg,"[제주지역 한정음료] 제주도의 돌담길과 하르방의 풍경을
느낄 수 있는 음료로 고소한 흑임자와 달콤한 소보로 토핑으로 
누구나 즐길 수 있는 음료",non-coffee,0mg,445kcal,13g,250mg,0g,49g,63728ce0e4138b5e1b058dfe
125,starbucks,햇사과 주스 591ML,https://image.istarbucks.co.kr/upload/store/skuimg/2022/10/[9300000004407]_20221027102828231.jpg,"햇 사과 네개 반을 껍질 그대로  착즙한 신선한 맛의 사과 주스
대용량으로 즐겨보세요.
",non-coffee,0mg,360kcal,1.3g,20mg,0g,84g,63728ce3e4138b5e1b058dff
126,starbucks,필 더 그린 190ML,https://image.istarbucks.co.kr/upload/store/skuimg/2022/09/[9300000004348]_20220921102420365.jpg,"물, 시럽, 합성 감미료 등 없이, 
오로지 과일 및 채소만을 그대로 착즙하여 만든 주스!
케일, 셀러리, 오이가 들어가 Green 색상의 과일&채소를 건강하게 즐길 수 있는 음료",non-coffee,0mg,90kcal,1g,15mg,0g,15g,63728ce6e4138b5e1b058e00
127,starbucks,필 더 레드 190ML,https://image.istarbucks.co.kr/upload/store/skuimg/2022/09/[9300000004346]_20220921130442019.jpg,"물, 시럽, 합성 감미료 등 없이, 
오로지 과일 및 채소만을 그대로 착즙하여 만든 주스!
사과, 비트, 당근이 들어가 Red 색상의 과일&채소를 달콤하게 즐길 수 있는 음료",non-coffee,0mg,90kcal,1g,45mg,0g,16g,63728ce8e4138b5e1b058e01
128,starbucks,필 더 옐로우 190ML,https://image.istarbucks.co.kr/upload/store/skuimg/2022/09/[9300000004347]_20220921130952276.jpg,"물, 시럽, 합성 감미료 등 없이, 
오로지 과일 및 채소만을 그대로 착즙하여 만든 주스!
레몬, 생강이 들어가 Yellow 색상의 과일&채소를 상큼하게 즐길 수 있는 음료",non-coffee,0mg,100kcal,1g,0mg,0g,16g,63728cebe4138b5e1b058e02
129,starbucks,딸기주스 190ML,https://image.istarbucks.co.kr/upload/store/skuimg/2021/04/[5210008070]_20210426095034991.jpg,달콤한 국내산 딸기의 과육이 듬뿍 느껴지는 주스,non-coffee,0mg,110kcal,0g,30mg,0g,25g,63728ceee4138b5e1b058e03
130,starbucks,망고주스 190ML,https://image.istarbucks.co.kr/upload/store/skuimg/2021/04/[5210008061]_20210426095229362.jpg,노랗게 익은 열대과일 망고가 입안 가득 느껴지는 주스,non-coffee,0mg,117kcal,1g,15mg,0g,23g,63728cf1e4138b5e1b058e04
131,starbucks,스타 루비 자몽 스위트 591ML,https://image.istarbucks.co.kr/upload/store/skuimg/2021/10/[9300000003774]_20211020095032343.jpg,"리프레시가 필요할 땐!  
상큼 달콤한 자몽으로 채우기
과즙이 풍부하고 당도가 높은 스타 루비 자몽이 가득 들어간 상큼한 음료",non-coffee,0mg,406kcal,0.6g,10mg,0g,100g,63728cf6e4138b5e1b058e05
132,starbucks,유기농 오렌지 100% 주스 190ML,https://image.istarbucks.co.kr/upload/store/skuimg/2021/10/[9300000003771]_20211020093812909.jpg,"프리미엄 유기농 오렌지 주스
당도 높은 스페인산 오렌지 착즙 주스! 
오렌지 그대로 100% 담긴 3개 분량
물, 설탕, 첨가물 없는 오렌지 그대로의 맛
",non-coffee,0mg,95kcal,2g,5mg,0g,20g,63728cf9e4138b5e1b058e06
133,starbucks,유기농 오렌지 100% 주스 591ML,https://image.istarbucks.co.kr/upload/store/skuimg/2021/10/[9300000003772]_20211020095105008.jpg,"프리미엄 유기농 오렌지 주스
당도 높은 스페인산 오렌지 착즙 주스! 
오렌지 그대로 100% 담긴 8개 분량
물, 설탕, 첨가물 없는 오렌지 그대로의 맛",non-coffee,0mg,290kcal,6g,10mg,0g,62g,63728cfce4138b5e1b058e07
134,starbucks,케일&사과주스 190ML,https://image.istarbucks.co.kr/upload/store/skuimg/2021/04/[5210008072]_20210426100712780.jpg,국내산 케일과 사과의 달콤함이 조화로운 녹색 주스,non-coffee,0mg,105kcal,0g,25mg,0g,26g,63728cffe4138b5e1b058e08
135,starbucks,토마토주스 190ML,https://image.istarbucks.co.kr/upload/store/skuimg/2021/04/[5210008074]_20210419112239085.jpg,국내산 토마토의 풍성한 과육이 듬뿍 담겨있는 주스,non-coffee,0mg,70kcal,1g,120mg,0g,16g,63728d02e4138b5e1b058e09
136,starbucks,핑크 용과 레모네이드 190ML,https://image.istarbucks.co.kr/upload/store/skuimg/2021/10/[9300000003776]_20211020094321785.jpg,"레드 용과의 상큼함에 
구아바와 망고스틴의 달콤함이 추가되어 
맛도, 컬러도 화사함이 느껴지는 음료",non-coffee,0mg,88kcal,0g,5mg,0g,19g,63728d05e4138b5e1b058e0a
137,starbucks,한라봉주스 190ML,https://image.istarbucks.co.kr/upload/store/skuimg/2021/04/[5210008055]_20210426102703624.jpg,새콤달콤한 황금빛 제주 한라봉을 그대로 담아낸 주스,non-coffee,0mg,78kcal,0.5g,10mg,0g,16g,63728d08e4138b5e1b058e0b
138,starbucks,햇사과 주스 190ML,https://image.istarbucks.co.kr/upload/store/skuimg/2021/04/[9300000002565]_20210426102753285.jpg,달콤새콤한 햇사과 1개 반을 껍질 그대로 착즙한 사과 주스,non-coffee,0mg,113kcal,0.2g,10mg,0g,27g,63728d0be4138b5e1b058e0c
139,starbucks,딸기 가득 요거트 190ML,https://image.istarbucks.co.kr/upload/store/skuimg/2021/10/[9300000003775]_20211020094208342.jpg,상큼 달콤 딸기 과육이 한가득 씹히는 마시는 요거트 음료,non-coffee,0mg,155kcal,4g,50mg,0.2g,21g,63728d0ee4138b5e1b058e0d
140,starbucks,블루베리 요거트 190ML,https://image.istarbucks.co.kr/upload/store/skuimg/2021/04/[5210008063]_20210419104847612.jpg,블루베리 과육이 입안 가득 느껴지는 마시는 요거트,non-coffee,0mg,155kcal,5g,70mg,0.2g,18g,63728d11e4138b5e1b058e0e
141,starbucks,애플망고 코코넛 190ML,https://image.istarbucks.co.kr/upload/store/skuimg/2022/06/[9300000004239]_20220628085511020.jpg,"식물성 기반의 코코넛 유산균 드링크!
코코넛과 애플망고의 맛있는 조합으로,
유제품을 못드시는 분들도 편안하게 즐길 수 있는 음료",non-coffee,0mg,244kcal,3g,9mg,0g,21g,63728d14e4138b5e1b058e0f
142,starbucks,한라봉 코코넛 190ML,https://image.istarbucks.co.kr/upload/store/skuimg/2022/06/[9300000004238]_20220628085932263.jpg,"식물성 기반의 코코넛 유산균 드링크!
코코넛과 한라봉의 맛있는 조합으로,
유제품을 못드시는 분들도 편안하게 즐길 수 있는 음료
",non-coffee,0mg,236kcal,3g,9mg,0g,19g,63728d17e4138b5e1b058e10
143,starbucks,토피 넛 라떼,https://image.istarbucks.co.kr/upload/store/skuimg/2022/10/[128198]_20221021103409084.jpg,"스타벅스의 겨울 시그니처 음료
버터 향이 은은하게 느껴지는 토피와 고소한 견과류의 풍미, 
진한 에스프레소가 어우러진 크리스마스 시즌 음료",non-coffee,75mg,325kcal,10g,250mg,0g,34g,63728d1ae4138b5e1b058e11
144,starbucks,아이스 토피 넛 라떼,https://image.istarbucks.co.kr/upload/store/skuimg/2022/10/[128401]_20221021103506366.jpg,"스타벅스의 겨울 시그니처 음료
버터 향이 은은하게 느껴지는 토피와 고소한 견과류의 풍미, 
진한 에스프레소가 어우러진 크리스마스 시즌 음료",non-coffee,75mg,240kcal,5g,180mg,0g,27g,63728d1de4138b5e1b058e12
145,starbucks,오로라 캐모마일 릴렉서,https://image.istarbucks.co.kr/upload/store/skuimg/2022/10/[9200000004267]_20221017112858230.jpg,"크리스마스 밤을 아름답게 물들이는 듯한 오로라가 살포시 내려앉아, 
홀리데이 시즌을 더욱 설레게 만들어 주는 음료

달콤한 리치과육이 들어간 베이스에 은은한 캐모마일과 유스베리티가 조화롭게 어우러진 릴렉싱 티 음료",non-coffee,2mg,205kcal,0g,15mg,0g,38g,63728d20e4138b5e1b058e13
146,starbucks,아이스 오로라 캐모마일 릴렉서,https://image.istarbucks.co.kr/upload/store/skuimg/2022/10/[9200000004270]_20221017112935255.jpg,"크리스마스 밤을 아름답게 물들이는 듯한 오로라가 살포시 내려앉아, 
홀리데이 시즌을 더욱 설레게 만들어 주는 음료

달콤한 리치과육이 들어간 베이스에 은은한 캐모마일과 유스베리티가 조화롭게 어우러진 릴렉싱 티 음료",non-coffee,1mg,140kcal,0g,10mg,0g,25g,63728d23e4138b5e1b058e14
147,starbucks,제주 금귤 민트 티,https://image.istarbucks.co.kr/upload/store/skuimg/2022/10/[9200000004273]_20221017123307351.jpg,"제주의 상콤 달콤함을 담은 금귤, 한라봉, 감귤 등을 통째로 넣어
풍미를 살리고 민트의 깔끔함을 더한 티 음료",non-coffee,0mg,190kcal,0g,10mg,0g,37g,63728d26e4138b5e1b058e15
148,starbucks,아이스 제주 금귤 민트 티,https://image.istarbucks.co.kr/upload/store/skuimg/2022/10/[9200000004276]_20221017123346210.jpg,"제주의 상콤 달콤함을 담은 금귤, 한라봉, 감귤 등을 통째로 넣어
풍미를 살리고 민트의 깔끔함을 더한 티 음료",non-coffee,0mg,190kcal,0g,10mg,0g,37g,63728d28e4138b5e1b058e16
149,starbucks,오트 크림 스카치 콜드 브루,https://image.istarbucks.co.kr/upload/store/skuimg/2022/10/[9200000004279]_20221017113059439.jpg,"고소한 오트 바닐라 크림이 카라멜 & 스카치 풍미를 더한
콜드 브루에 올라가 부드럽고 은은하게 즐길 수 있는 음료",coffee,128mg,115kcal,1g,70mg,0g,15g,63728d2be4138b5e1b058e17
